role,experience_level,languages,tech_keywords,projects
,Beginner,"['C', 'C++', 'Makefile', 'Assembly', 'Python']","['rebooted', 'ChameleonMini']","['Chameleon Mini revE rebooted - Iceman Fork,  the ChameleonMini is a versatile contactless smartcard emulator (NFC/RFID)']"
,Beginner,"['JavaScript', 'HTML', 'CSS', 'PHP', 'ApacheConf']","['GWebCache', 'ScreenFuzz', 'XAudioJS', 'GameBoy', 'Image', 'Resizer', 'JS', 'IodineGBA', 'Beacon', 'Online']","['A multi-network gwebcache for peer-to-peer bootstrapping. Historically used for Gnutella and Gnutella2 clients.', 'JavaScript GameBoy Color emulator.', 'JavaScript GameBoy Advance emulator.', 'Placed in public domain.  A javascript based solution for image scaling outside of html5 canvas.', 'Quick Screen Burn Remedy. Place in fullscreen to utilize.', 'A PCM audio stream output library that provides cross-browser compatibility.']"
,Beginner,"['Python', 'Shell', 'C++', 'CMake', 'HTML']","['LoRDeckCodes', 'hengruo.github.io', 'RNet', 'RuneSim', 'smt4coq', 'pytorch', 'heliumsea.github.io', 'QANet']","['A PyTorch implementation of QANet.', 'R-Net with PyTorch', 'A simulator of Legends of Runeterra']"
"I am an Assistant Professor in the Department of Economics and the Computational Modeling and Data Analytics, College of Science, Virginia Tech",Beginner,"['Jupyter Notebook', 'Python', 'MATLAB']","['Statistical', 'for', 'Quantum', 'to', 'New', 'and', 'Dependence', 'Trends', 'Practice', 'Theory']","['This comprehensive, hands-on course provides a thorough exploration into the world of algorithmic trading, aimed at students, professionals, and enthusiasts with a basic understanding of Python programming and financial markets.', 'This course in applied data science covers the theoretical foundations of advanced quantitative approaches in machine learning, econometrics, risk and portfolio management, algorithmic trading, and financial forecasting. (first taught at Virginia Tech in 2019)', 'This intermediate applied econometrics course covers the theoretical, computational, and statistical underpinnings of the big data analysis. (first taught at Virginia Tech in 2018)', 'This repository contains code, models, and tools for simulating and estimating portfolios based on constant and time-varying covariance matrices. ', 'This course will introduce the student to classic machine learning algorithms and deep neural network structures. The style will be first to describe the theory and math behind algorithms and then demonstrate how to use Python to create and run the models. ', 'A Nonlinearity Test for Principal Component Analysis: MATLAB Code', 'In this project, we delve into the principal constructs of quantum computing and quantum machine learning. Our primary focus resides in identifying and elucidating quantum computing solutions for the domain of econometric modeling, with particular emphasis on big data econometrics and nonlinear models.', '""The History and New Trends of Measuring Dependence: From Bayes, Galton, and Pearson to the 21st Century"" is a research undertaking led by Ali Habibnia as the principal investigator, with the assistance of Jonathan Gendron and Sanjana Rayani, who serve as research assistants from the Department of Economics at Virginia Tech. ']"
,Beginner,"['Java', 'Shell', 'Python', 'HTML', 'JavaScript']","['tensorflow', 'mesos', 'flink', 'thrift', 'doomtrooper', 'community', 'spark', 'incubator', 'zeppelin', 'alluxio']","['Memory-Centric Virtual Distributed Storage System', 'Stores documents used by the TensorFlow developer community', 'Scraper and data for Czech Doomtrooper', 'Mirror of Apache Flink', 'Mirror of Apache Zeppelin (Incubating)', 'Mirror of Apache Mesos', 'Mirror of Apache Spark', 'Computation using data flow graphs for scalable machine learning', 'Mirror of Apache Thrift']"
,Intermediate,"['Ruby', 'Shell', 'HTML', 'C', 'JavaScript']","['colors', 'exercises', 'atom_feed_helper', 'vim', 'xelm', 'solarized', 'placeholder', 'mutt', 'terminaltips', 'for']","['AtomFeedHelper plugin', ""Solutions for Brian Hogan's book, Exercises for Programmers"", 'Hanami website', 'Wee temporary Rack application for use as a placeholder on Heroku', 'mutt mail client color schemes', 'precision color scheme for multiple applications (terminal, vim, etc.) with both dark/light modes', ""kludge to render a csv file for abook from google contacts' vcard export"", 'precision colorscheme for the vim text editor']"
,Intermediate,"['C#', 'Dockerfile', 'Shell', 'JavaScript', 'HTML']","['stackchain', 'configurator', 'with', 'DOTNET', 'Building', 'BTCPayServer.Vault', 'docker', 'Web', 'Core', 'media']","['A cross platform, self-hosted server compatible with Bitpay API ', 'An easy UI to configure  new and existing BTCPay deployments.', 'Documentation of BTCPayServer', 'Docker resources for hosting BTCPayServer easily', 'Media asset for BTCPayServer', 'Sign with software or hardware wallets', 'A self-hosted ,modular IFTTT-inspired system for bitcoin services written in C#', 'Building RESTful Web Services with DOTNET Core, published by Packt', 'NBitcoin Explorer', 'Open-organization, meetings, calendars, project management', ""Stackchain is a chain of individual users purchasing bitcoin in USD, increasing by 1 USD for each individual's purchase.""]"
yawn,Intermediate,"['Python', 'Shell', 'C', 'Makefile', 'C++']","['strings', 'clamav', 'moflow', 'scripts', 'avclass', 'faq', 'smart', 'maltindex', 'community', 'ksfinder']","['AVClass malware labeling tool', 'ClamAV FAQ', 'Volatility plugins developed and maintained by the community ', 'ksfinder - Retrieve exported kernel symbols from physical memory dumps', 'Mal Tindex is an Open Source tool for indexing binaries and help attributing malware campaigns', 'Release Branches for MoFlow', 'Random scripts', ""An implementation of the unix 'strings' utility in python that has some more advanced features"", 'Unicorn CPU emulator engine', 'Binary analysis and management framework']"
,Intermediate,"['Java', 'TypeScript', 'JavaScript', 'HTML', 'Vue']","['starter', 'deprecated', 'shiro', 'vue', 'redis', 'mychecker', 'echo', 'client', 'spring', 'jdbctemplatetool']","['Highlight the apollo graphql deprecated fields', 'This is the client of apollo-deprecated-highlight', 'This is a demo for apollo-deprecated-highlight-client', ""It's a demo for apollo-deprecated-highlight"", 'For apollo3', 'Add some helpful methods to Spring JdbcTemplate', 'demo repo for https://blog.csdn.net/nsrainbow/article/details/80589476', 'Mock laravel Echo', 'shiro only provide the support of ehcache and concurrentHashMap. Here is an implement of redis cache can be used by shiro. Hope it will help you!', 'initial commit', 'In this tutorial, you see how to configure shiro-redis in spring framework', 'a shiro-redis tutorial']"
,Intermediate,"['JavaScript', 'Shell', 'TypeScript', 'Java', 'CSS']","['starter', 'typescript', 'polymer', 'appveyor', 'apktool', 'swatch', 'kit', 'vite', 'lib', 'logback']","['The default community health files for all my repos on GitHub', 'A library for decoding XML resources (such as the Android manifest) from an APK', 'Userscripts to add functionality to AppVeyor', 'Puppeteer script to update Polymer Codepens', 'Userscripts to add functionality to GitHub', 'üìÑThe reliable, generic, fast and flexible logging framework for Android', 'Example applications for logback appenders', 'Named capture groups for Java 5/6 regular expressions', 'Typescript starter with Nuxt.js', 'Polymer Starter Kit w/TypeScript support', 'Easy Express route setup with maps', 'Generate a color palette swatch from a color string', 'Template for Vite.js docs translation repositories']"
"Crestron Sr. Technical Trainer and Curriculum Developer.
Gold Master Programmer, 
Over 26 years of experience with programming in the AV and Automation World",Beginner,"['C#', 'CSS', 'JavaScript', 'HTML']","['Crestron', '101', 'Masters', 'MCP', 'CrestronCSharpExamples', '421', 'Masters2022', 'MSS', '2023', 'Masters2021']","['Code from the Masters 2023 MSS421 class', 'Code Examples from the Crestron C# Video Series', 'Files from Masters 2021 MCP-101 Class', 'Resources for the Crestron Masters 2022 Class MSS-431 Intermediate C# for Crestron']"
Full Stack Developer,Intermediate,"['JavaScript', 'CSS', 'HTML', 'Shell', 'Handlebars']","['node_express_handlebars', 'tutorials', 'nextjs_dynamic_island_website', 'todo_app', 'node_handlebars_mongoDB', 'Node_Full_CRUD_Website', 'node_http_app', 'node_react_mongodb_tutorial', 'node_react_tutorial', 'NextJs_Tutorial_2']","['person portfolio page', 'How to use Git and Github with Visual Studio Code', 'An iPhone 14 Pro dynamic island style website', 'How to program in Next JS - Basics, Page Routing, CSS, SEO and Meta Tags', 'Next JS Tutorial covering dynamic pages, layouts, and cloud database (MongoDB)', 'tutorial on using Node with Express Handlebars (hbs)', 'How to create a full CRUD Node Website with a cloud database (mongodb) and a content management system', 'How to connect Mongoose (MongoDB) to a node handlebars project', 'Node Tutorial: Setting up a simple http server to display html pages.', 'Node JS React Hooks Tutorial using UseState and UseEffect', 'This tutorial is a continuation of my node js react project. This will add a mongoose database using mongodb and stepping you through how to setup clusters, collections, and documents using mongodb, as well as using code to insert and look up data from the database.', 'How to use MySQL with Node and React JS', 'Python Tutorials', 'Sketch any photo using python', 'React JS Setup with Frontend and Node JS Backend']"
"MSIN@CMU, building database & large scale data systems",Intermediate,"['C++', 'C', 'JavaScript', 'HTML', 'Shell']","['interpreters', 'risinglight', 'flutter_login', 'auto', 'infinite_scroll_pagination', 'blog', 'qlink', 'flutter_chips_choice', 'tracer', 'interpreter']","['‰∏äÊµ∑‰∫§ÈÄöÂ§ßÂ≠¶Ëá™Âä®ËØÑÊïôËÑöÊú¨', 'An interpreter for the Basic language, featuring interactive GUI and debug mode. Course project of SEP@SJTU-SE.', 'Hugo blog', 'Implements a simple, half functional half object-oriented language Lox in Java.', 'A clean, elegant but advanced blog theme for Hugo', 'Lite version of smart_select package, zero dependencies, an easy way to provide a single or multiple choice chips.', 'Provides login screen with login/signup functionalities to help speed up development', 'Flutter package to help you lazily load and display pages of items as the user scrolls down your screen.', 'Course project of SE123@SJTU-SE.', 'Kilo is a trivial text editor that implements some fundamental features of a editor without dependencies on any external libraries.', 'LSM Tree implementation, project of Advanced Data Structures@SJTU-SE.', 'Course project of SEP@SJTU-SE', ""This is an implementation of the ray tracer introduced in Peter Shirley's ray tracing book series."", 'An OLAP database system for educational purpose', 'Êõ¥Êñ∞2008Âπ¥ÁâàÊú¨ÁöÑ„Ää‰∏äÊµ∑‰∫§ÈÄöÂ§ßÂ≠¶ÁîüÂ≠òÊâãÂÜå„ÄãgitbookÂèëÂ∏É‰∫éhttps://survivesjtu.gitbook.io/survivesjtumanual/']"
"This account is inactive. Previously Wine hacker at CodeWeavers. Personal account: @ColdPie1.

(Profile photo by Hans Hillewaert, used under CC BY-SA 4.0.)",Intermediate,"['Shell', 'C', 'C++', 'Makefile', 'Python']","['SDK', 'dxil', 'spirv', '1', 'Fossilize', 'api', 'VulkanTutorial', 'hidapi', 'plugin', 'Proton']","['The Rust package manager', 'libdav1d rust bindings', 'DXIL conversion to SPIR-V for D3D12 translation libraries', 'Vulkan-based D3D11 implementation for Linux / Wine', 'FAudio - Accuracy-focused XAudio reimplementation for open platforms', 'A serialization format for various persistent Vulkan object types.', 'Rust crate for writing GStreamer plugins and various plugins - This repository moved to https://gitlab.freedesktop.org/gstreamer/gst-plugins-rs', 'A Simple library for communicating with USB and Bluetooth HID devices on Linux, Mac and Windows.', 'Mono open source ECMA CLI, C# and .NET implementation.', 'OpenVR SDK', 'Sources for OpenXR loader, basic API layers, and example code.', 'Compatibility tool for Steam Play based on Wine and additional components', 'Public contributions for win32 API documentation', 'A runtime environment for Steam applications', 'Vagrant is a tool for building and distributing development environments.', ""Fork of VKD3D. Development branches for Proton's Direct3D 12 implementation."", 'Tutorial for the Vulkan graphics and compute API', 'Public mirror for win32-pr', 'Wine with a bit of extra spice']"
Software Engineer | Google Distributed Cloud - Edge,Intermediate,"['Shell', 'Makefile', 'C++', 'HTML', 'JavaScript']","['DM642_to_Jetson', 'datanano', 'Three', 'LintcodeSolution', 'markdown2html', 'GRE_AW_Sample', 'iot_analysis', 'datasci_course_materials', 'key.pub', 'utils']","['Personal website again.', 'A cluster consistency platform', 'Obsolete Repository of Udacity Data Science Courses', 'Public repository for course materials for the Summer 2014 session of Introduction to Data Science, an online coursera course.', 'Video analysis of movement on DM642 DSP board. Obsolete and refer to DM642_to_Jetson repo.', 'Port video surveillance program from DM642 to Jetson TK1 board.', 'Apply PELCO-D protocol to control holder, via UART in DM642 board.', 'A general purpose object detection framework.', 'GRE writing samples from smartpigai.com', 'Elegant and powerful theme for Hexo.', '‰∏Ä‰∏™ÁÆÄÊ¥Å‰ºòÈõÖÁöÑhexo‰∏ªÈ¢ò ; A simple and elegant theme for hexo.', '(Uncomplete) A simple Python based program to calculate power flow in grid in China.', 'Source code of IoT data analysis for ECE6607 course.', 'gpg public key', 'LintCode Solution', 'Automatically exported from code.google.com/p/mtex-kernel', 'A simple template to generate one page html from markdown', 'Mirror of ONScripter official source code.', 'MATLAB code to illustrate moving object detection by three-frame difference method.', 'Chinese translation of the book ""Stochastic Systems: Estimation, Identification, and Adaptive Control"".', 'A collection of utility tools and scripts.']"
"Web Developer, Former HTML W3C Invited Expert, Former Google Developer Expert in Web Technologies, @thewebplatform podcast host. #WebComponents nut. ",Intermediate,"['JavaScript', 'HTML', 'CSS', 'TypeScript', 'Ruby']","['me', 'option', 'sketchbook', 'modular', 'image', 'community', 'form', 'input', 'icon', 'payment']","['A space for the webcomponents community', 'Experiment', 'Replace <img /> elements with <img-2> to automatically pre-cache images and improve page performance.', 'A filterable and shareable version of the WCAG 2.0 spec.', ""Website for Mozilla's Brick components"", ""A pair programming badge Web Component inspired by Avdi Grimm's pairprogramwith.me"", 'code for excercises', 'A simple star rating custom element', 'A Polymer component for Stripe Payments - ', 'A collection of Web Components examples & sketches', 'WebComponents.org is where community-members document Web Components best practices']"
Apache Beam Committer. Software Engineer @ Google,Intermediate,"['JavaScript', 'Python', 'HTML', 'TypeScript', 'Java']","['airflow', 'work', 'temp', 'tracker', 'analysis', 'Search', 'bot', 'stats', 'to', 'ur']","['Apache Airflow - A platform to programmatically author, schedule, and monitor workflows', 'Lib for creating CI/CD tool installer tasks in Azure Pipelines', 'Repo to backfill pr labels for a repo based on the same config as actions/labeler', 'Apache Beam is a unified programming model for Batch and Streaming', 'A Javascript SDK for Beam', 'Repo to demonstrate the pr-bot working', 'Apache Beam Site', 'Projects from my undergraduate/masters classes at Vanderbilt', 'github pull requests builder plugin for Jenkins', 'Fun repo for creating a pipeline based on public PredictIt data', 'Example streaming pipeline in Go', 'Repo for migrating from Jira to GitHub issues', 'Playground for demonstrating things', 'Github action to print relevant stats about Pull Request reviewers', 'A search engine that I built. Has options to use spidering(for general web use) or crawling(for local and/or static sites)', 'Repo for tracking stale items across GitHub and Azure Pipelines', 'tag-ur-it action', 'This is an action to assign yourself or close an issue for a repo you are not a contributor to']"
"Professor of Data Science
Wesleyan University",Intermediate,"['R', 'HTML']","['Intro', 'qacDR', 'qacr', 'RiA3', 'SCASA41', 'qacStats', 'datavis_support', 'importR', 'qacMiss', 'edatools']","['Code files for the book ""Modern Data Visualization in R""', 'Development version of R package qacBase', 'Data sets for teaching Data Science', 'Dimension Reduction', 'R package for multiple and logistic regression.', 'Files for Wesleyan R workshop', 'Source code for Kabacoff, R. R in Action (3rd edition). Manning: Boca Raton, FL.', 'Modern Data Visualization with R', 'Twitch - Manning Presentation on Modern Data Visualization in R', 'Course notes for a one day course on ggplot2']"
"I am a Senior Program Manager in the Open Source Programs Office @Microsoft. Also a cyclist, horseback rider, and cook.",Intermediate,"['Python', 'Makefile', 'C', 'PLpgSQL', 'Ruby']","['itpro', 'codingchallenges', 'curated', 'docs.microsoft.com', 'windows', 'legalcode', 'nuget', 'commercialization', 'docs', 'uwp']","['Distributed PostgreSQL as an extension', 'Documentation for Citus. Distributed PostgreSQL as an extension.', 'Coding Challenges for Carol', 'Windows hardware documentation for Microsoft partners.', 'Contains curations submitted by the community', 'This repository contains .NET Documentation.', 'Documentation repo for NuGet', 'Non-code organizational topics for the project', 'SharePoint Developer Documentation', 'Website for clearlydefined.io', 'This is used for contributions to the Windows 10 content for IT professionals on docs.microsoft.com.', 'Conceptual\xa0and overview content for\xa0developing Microsoft Universal Windows Platform (UWP) apps']"
I like to write programs. I like to explore problems. I write all of my programs to run under Linux.,Expert,"['Go', 'Shell', 'C', 'Makefile', 'PHP']","['boggle', 'balanced', 'binary', 'bitmax', 'string', 'arithmetic', 'corasick', 'parser', 'conjecture', 'allletters']","['9-board tic tac toe', 'A development job interview question examined and analyzed', 'C language, library implementation of Aho-Corasick string matching', 'Inspired by Wordle, find 5, 5-letter words with 25 different letters between them.', 'Alpha beta minimaxing tic tac toe in various languages', 'Combinatory Logic Interpreter with user-definable primitives and abstraction algorithms', 'Arithmetic order of operations expression evaluator', 'Golang arithmetic expression parser and evaluator', 'Implementation and comparison of array rotation algorithms', 'Mid-century Modern for the Masses', 'AVL binary search tree (insert only) in Golang', 'Does an expression of parens, brackets and braces balance?', 'A puzzle solved by backtracking', 'BCD arithmetic experiments', 'Peculiar string representation of a binary tree', 'Consolidated binary tree interview questions', 'Programming job interview question - find next biggest number with same population count', 'Solution to, and analysis of, a programmin job interview question', 'Another interview question - reverse the bits of an integer.:w', 'programming interview question - bitwise-and all integers between M and N inclusive', 'Boggle-game like interview question', ""Wernher von Braun's circumlunar manned probe investigated"", 'Rename all function, method, class, variable, etc names to something generic', 'Interview question relating to Collatz sequences', 'Full featured combinatory logic interperter', ""Revisiting Knuth and McIlroy's word count problem, in Go"", 'trying to understand confidence intervals']"
,Expert,"['C', 'Makefile', 'Shell', 'C++', 'Perl']","['ethtool', 'project', 'ct', 'iperf', 'fse', 'source', 'iwlwifi', 'ath10k', 'backports', '4.16']","['Stand-alone ath10k driver based on 4.7 Candela Kernel.', 'Stand-alone ath10k driver based on Candela Technologies Linux kernel.', 'backport-iwlwifi with -ct kernel changes applied on top.', 'Backports project optimized to backport CT kernels.', 'Backports package generated from the linux-4.16-ct kernel.', 'Backports package created from candela ct-5.13 kernel.', 'Backports package created from linux-ct 5.7 kernel', 'Copy of busybox configured for building with Android NDK.', 'c-ares is a C library that performs DNS requests and name resolves asynchronously. ', 'CARL9170 Firmware:  Updates to allow RF-pattern integration with host driver.', 'Clone of crda (git://git.kernel.org/pub/scm/linux/kernel/git/mcgrof/crda.git)', 'Dual-mode Bluetooth stack, with small memory footprint.', 'Fork of wget tool, likely no useful changes from upstream wget repo.', 'Curl is a tool and libcurl is a library for transferring data with URL syntax, supporting FTP, FTPS, HTTP, HTTPS, TFTP, SCP, SFTP, TELNET, DICT, LDAP. LDAPS, FILE, IMAP, SMTP, POP3, RTSP and RTMP. libcurl offers a myriad of powerful features', 'Modified version of DHCP from Fedora 14.', 'ell hands-free library', 'Fork of ethtool: git://git.kernel.org/pub/scm/network/ethtool/ethtool.git', 'CT instance of hackrf', 'Fork of hostap:  git://w1.fi/srv/git/hostap.git', 'iperf3:  A TCP, UDP, and SCTP network bandwidth measurement tool', 'Clone of iproute2 with a few improvements, from: git://git.kernel.org/pub/scm/linux/kernel/git/shemminger/iproute2.git', 'Candela Technologies iptables clone', ""Fork of the 'iw' wireless tools:  http://git.sipsolutions.net/iw.git"", 'JFreeChart - Future State Edition', 'Candela Technologies fork of JFreeChart-FSE repository.', 'Fork of jmathplot, with some build fixes.', 'Scripts and other open-source tools to be used with the LANforge software suite.', 'Fork of lede-project/source repo, has some tweaks for easier use on apu2 platform.', ""Clone of netfilter's libmnl: git://git.netfilter.org/libmnl""]"
Edge Mobile App & Security platform for Bitcoin and blockchain technologies,Expert,"['Shell', 'JavaScript', 'HTML', 'CSS', 'C']","['node', 'cli', 'old', 'plugins', 'ofx', 'design', 'web', 'api', 'objc', 'directory']","[""CLI tool for interacting with the Airbitz login system and wallet API's"", 'A web-based interface to the Airbitz CLI tool', 'Bitcoin wallet C/C++ API for building cross-platform applications that require user authentication, encryption, backup, and meta-data management. This library alone implements the full functionality of the Airbitz Edge Security platform and bitcoin wallet minus the graphical interface. ', 'Docs located at https://developer.airbitz.co/javascript/', 'IO dependencies for running airbitz-core-js on node.js', 'Objective-C bindings for Airbitz core with CocoaPods installation', 'Bitcoin wallet C/C++ API for building cross-platform applications that require user authentication, encryption, backup, and meta-data management.  This library alone implements the full functionality of the Airbitz Edge Security platform and bitcoin wallet minus the graphical interface.', 'Sample React Native app that can include airbitz-core-js-ui for the login subsystem', 'Flow types for airbitz-core-js structures and classes', 'Airbitz business directory', 'Airbitz iOS wallet', 'Airbitz iOS GUI', 'Airbitz CSV export to Quickbooks QBO/OFX file import format', 'Cross platform code for Airbitz wallet apps', 'Airbitz Wallet Javascript Plugin API', 'Deprecated. Use public repository', 'Sample ReactNative app using AirbitzCore', 'Airbitz Wallet Core library code', 'A demo app for working with the Airbitz api']"
"Principal @ Inner Product LLC.
Author of ""Essential Effects"".",Expert,"['Scala', 'Shell', 'JavaScript', 'HTML', 'Java']","['Barkety', 'talk', 'essential', 'fairy', 'effect', 'cheatsheets', 'giter8', 'vscode', 'and', 'debug']","['Scala/Akka XMPP client library', 'Build and Release Tools', 'mapreduce in bash', 'Lightweight, modular, and extensible library for functional programming.', 'The IO monad for Scala', 'Convenience Configuration Library for Java', ""Oddly enough, a Scala wrapper for Typesafe's (pure-Java) Config library."", 'Apache Daffodil', 'Apache Daffodil VSCode', 'The Scala Documentation website', 'An example of a Dropwizard service.', 'ZooKeeper co-process for instance monitoring, backup/recovery, cleanup and visualization.', 'Phi accrual failure detector', 'esper made easy', 'Why do functional programmers always talk about algebra(s)?', 'Extra functions for Frink', 'Compositional, streaming I/O library for Scala', 'Traditional xUnit-style tests inherently contain too many ways to give us false confidence in our tests. This talk describes these limitations and demonstrates how ""generative testing"" improves both the testing model and one\'s confidence.', 'a command line tool to apply templates defined on github ', 'Mirror of Apache Hadoop', 'A standard HTTP layer for Scala', 'Java integration for collectd', 'jDBI is designed to provide convenient tabular data access in Java(tm). It uses the Java collections framework for query results, provides a convenient means of externalizing sql statements, and provides named parameter support for any database being used.']"
My views and opinions are my own and do not represent my employer's.,Expert,"['Python', 'Shell', 'Dockerfile', 'TypeScript', 'HTML']","['publish_to_pypi', 'cancel', 'workflows', 'bot', 'astroML', 'ci', 'astroplan', 'benchmarks', 'check_astropy_changelog', 'astrogrism']","['Software Carpentry Instructor Training exercise', 'Action running Astropy stalebot', 'GitHub Action to check if change log entry conforms to Astropy format', 'Check if milestone is assigned', 'GitHub Action to check if PR is opened against allowed base branch', 'Github action definition to allow for publication of a python package to PyPI upon a qualifying release event.', 'Prevent downstream jobs from running based on commit message', 'Comment on PR opened on special day(s)', 'GitHub Action to check towncrier changelog', 'GitHub Action to auto cancel duplicate workflows', 'Open issue if cfitsio has a new release', 'GitHub Action to open issue on new WCSLIB release', 'Lightweight, configurable Sphinx theme', 'ASDF (Advanced Scientific Data Format) is a next generation interchange format for scientific data', 'Community Submitted Conda Recipes', 'Tools for making image cutouts from sets of TESS full frame images', 'MOS Data Analysis package for HST and JWST Grism Observations', 'Astronomical Image Convenience Tools', 'Workshop material for the AAS235 meeting', 'Astronomical data sonification.', 'Observation planning package for astronomers', 'Main AstroPy repository', 'A repository storing the Astropy Proposals for Enhancement.', 'Benchmarks for the astropy project', 'Repository on which the astropy-bot-experimental bot is live', 'Parser for the Astropy changelog format - maintainer: @astrofrog']"
"Head of Product @Aitomatic. Co-creator/developer of OpenSSA. Robotics, AI & IoT Educational Program Leader @steamforvietnam. Robotics/AI coach & OSS dev.",Expert,"['Python', 'Makefile', 'Shell', 'Dockerfile', 'Jupyter Notebook']","['Bump2Version', 'Developer', 'CollegeCompendium', 'Flake8', 'SphinxDoc', 'GalPy', 'Funcy', 'AI', 'CorpFin', 'EnterX']","['AI-related utilities', 'Asynchronous HTTP client/server framework for asyncio and Python', 'Python AST read/write', 'Removes unused imports and unused variables as reported by pyflakes', 'A curated list of awesome tools for Sphinx Python Documentation Generator', 'Bandit is a tool designed to find common security issues in Python code.', 'The uncompromising Python code formatter', 'A small command line tool to simplify releasing software by updating all version strings in your source code by the correct increment and optionally commit and tag the changes.', 'Version-bump your software with a single command', 'Version-bump your software with a single command', 'Python composable command line interface toolkit', 'üìì A curated collection of free public Computer Science classes from colleges across America', 'Create committing rules for projects :rocket: auto bump versions :arrow_up: and auto changelog generation :open_file_folder: ', 'Cookiecutter template for a Python package.', 'Corporate Finance functionalities based on SymPy and Theano', 'List of Computer Science courses with video lectures.', ""ƒê·ªì ƒÉn th·ª©c u·ªëng ƒê√† N·∫µng, Vi·ªát Nam - L∆∞·ª£m by Webuild's local members"", 'decorator', 'A platform for community discussion. Free, open, simple.', 'A light markup language', 'enterX whitepaper', 'flake8 is a python tool that glues together pycodestyle, pyflakes, mccabe, and third-party plugins to check the style and quality of some python code.', 'A fancy and practical functional tools', 'Galactic Dynamics in python', 'git-pr-chain', 'GitHub‚Äôs official command line tool', 'Godot Engine ‚Äì Multi-platform 2D and 3D game engine']"
"CTO at Booksio, 360 Media Direct",Expert,"['JavaScript', 'Shell', 'Dockerfile', 'TypeScript', 'CSS']","['node', 'fake', 'alpine', 'amet', 'socket.io', 'attempt', 'Storm', 'import', 'binci', 'server']","['An alpine-node docker image, including automatic compatibility with linked docker-in-docker containers.', ':whale: Containerized Development Environment', 'An awesome README template to jumpstart your projects! ', ':whale: Containerize your development workflow.', 'Insanely configurable logging for Node.js', 'cluster socket.io processes. WARNING: works best with websocket/flashsocket (other types _will_ see dupes)', 'Run VS Code on a remote server.', 'Secure secret storage and cryptographic key retrieval for Node.js', 'A color scheme for IDEA-based *Storm IDEs.', ':whale: A minimal bootstrapper to turn a brand new Mac into a docker-based dev environment', 'Mostly original configs, totally original installer. Compatible with macOS and various Linuxes.', ':flags: Simple JSON Web Tokens (JWT) with embedded scopes for services', 'Run arbitrary commands instead of mocha to integrate with popular IDEs', 'A Node.js Writable stream that flushes before emitting finish', 'Distinct, informative, and fast ZSH prompt', 'Node.js client for the FS-EventBridge server', 'A command-line client to stream file changes to an FS-EventBridge server', 'A TCP server to stream file-change events to a remote destination, written in Rust.', 'A simple, no-infrastructural-frills Amazon ECS deployment script', 'Hydrogen is a PHP 5.3+ performance and portability library', 'A project template for using Hydrogen as an MVC framework', 'IMP: IRC Modularized Preprocessor. A Java-based single-channel IRC helper bot.', 'Javascript Expression Language: Powerful context-based expression parser and evaluator', 'A proof-of-concept drawing recognition app.', 'Snips arguments off of callback functions.', 'Automatically retry functions that fail, in crazily customizable ways.', 'Generates unique, pronounceable names, random and seedable', 'Powerful and customizable application health monitoring', 'Invision Power Board (IP.Board) data migrator to NodeBB']"
,Expert,"['Python', 'Shell', 'HTML', 'CSS', 'JavaScript']","['project', 'AddOverlap', 'ScaleFast', 'Robofont', 'slanterRoboFontExtension', 'colinmford', 'CornerTools', 'afdko', 'hTools2', 'designSpaceRoboFontExtension']","['RoboFontExtension', 'Adobe Font Development Kit for OpenType', 'Wedding Site', 'cross-platform display typography in python', 'Personal Site.', 'A set of tools to work on corners of an outline. ', 'Python package for RoboFont for calculating gray values.', 'A RoboFont extension for creating and editing designspace documents.', 'A RoboFont extension that makes switching glyph, space or font windows super easy.', 'Some tools for working with UFOs in RoboFont.', 'An old, but still occasionally used, library for interacting with .fea files.', 'Preview features, previously know as Area51', 'A template for Type@Cooper Font Production workshop', 'A template for Type@Cooper Font Production workshop (Glyphs version)', 'Compile fonts from sources (UFO, Glyphs) to binary (OpenType, TrueType).', 'The replacement for RoboFab', 'A library to manipulate font files from Python.', 'A command line font editor', 'Scripts for Glyphs.', 'UFO-based Python-powered font production toolkit', 'Tool for interpolated glyph scaling, based on FontParts, FontTools, MutatorMath & BooleanOperations.', 'RoboFab', 'An interactive Python interpreter for RoboFont.', 'Fiddle with proportions of a glyph while keeping stem widths consistent. ', 'Custom editing tool for RoboFont editor.', 'SIL Locale Data Repository', ""Add a change case button to Robofont's Space Center""]"
,Expert,"['Python', 'Dockerfile', 'Shell', 'CSS', 'JavaScript']","['cli', 'x13', 'search', 'loggly', 'lgogdownloader', 'freecyngn', 'aws', 'dynamic', 'async_case', 'consumers']","[""Web UI for controlling my apartment's lights."", 'Async execution pool for Python', 'A Subsonic client for Android', 'Working with the AWeber API in PHP', 'Preview and enable Base16 Shell themes in your terminal.', 'Transcode ordinary files to and from bitmap images.', 'Maintain local backups of all Git repositories belonging to a GitHub or GitLab user', 'A simple, flexible way to parallelize processing in Python. https://consumers.readthedocs.io', 'A lean Docker image for awscli', 'Deprecated in favor of https://github.com/nvllsvm/emby-unlocked/tree/master/docker', 'Wait for Docker Healthchecks', 'Yet another lgogdownloader Docker image https://hub.docker.com/r/nvllsvm/lgogdownloader/', 'A Syncthing image with configurable UID and GID', 'Emby with the premium Emby Premiere features unlocked.', 'DEPRECATED - Mock HTTP implementations of Google Firebase and Google Instance ID', 'A small tool to remove proprietary parts from CyanogenMod 13', 'Count the number of lines in a repo.', 'DISCONTINUED', 'Create and synchronize transcoded copies of audio folders', 'Use Subsonic clients with Jellyfin', 'Dynamically set the IP of Linode DNS records', 'A CLI tool to search for Loggly events', 'minimalist media streaming server', 'A window displaying the cover for the currently playing MPD track - nothing more']"
"Technology Evangelist who loves to build, mentor and share his experiences.",Expert,"['Shell', 'Ruby', 'JavaScript', 'Go', 'CSS']","['dropbox', 'wordpress', 'CKAD', 'alpine', 'image', 'centurylinklabs.github.io', 'aws', 'api', 'buildpack', 'blog']","['Base Docker image containing Nginx running in Alpine Linux version 3.1.', 'A lightweight Rails image based on Alpine Linux', 'Rails 4 version of atlrug2', 'A serverless REST API service for products deployed to AWS. The data is stored in a DynamoDB table.', 'Backstage is an open platform for building developer portals', 'Backup is a RubyGem, written for Linux and Mac OSX, that allows you to easily perform backup operations on both your remote, as well as your local environment. It provides you with an elegant DSL in Ruby for modeling (configuring) your backups. Backup has built-in support for various databases, storage protocols/services, syncers, compressors, encryptors and notifiers which you can mix and match. It was built with modularity, extensibility and simplicity in mind.', 'Source for personal blog site.', 'Recruiting page for the RailsBridge Builders', 'Build a Docker container for any app using Heroku Buildpacks', 'Buildstep uses Docker and Buildpacks to build applications like Heroku', 'wrapper around buildstep', 'Minimal Docker base image with standard certificate authority root certificates', 'Index', 'A set of exercises to prepare for Certified Kubernetes Application Developer exam by Cloud Native Computing Foundation', 'A Go client for the CenturyLinkCloud API ', 'contacts datasource for rolodex', 'Minimal Vagrantfile for CoreOS', 'A library of UI components for CTL labs web projects', 'A Dropbox Docker container', 'Serf enabled haproxy docker container', 'Serf enabled nginx docker container', 'Doc repo for reddwarf project', 'rails app to be run as a docker service']"
,Expert,"['JavaScript', 'CSS', 'HTML', 'TypeScript', 'Shell']","['dts', '1', 'webstorm', 'atom', 'ts', 'css', 'vs2013', 'typescript', 'api', 'skeleton']","['Information and resources related to Durandal Inc. projects', 'An implementation of the abstract Animator interface from templating which enables css-based animations.', 'An implementation of the abstract Animator interface from templating which enables velocity-based animations.', 'test environment for exercising the `Aurelia.d.ts` TypeScript definition file and related TypeScript tests', 'a project to get the latest aurelia libraries and bundle each (amd target) into a single amd bundle (using r.js)', 'As a Visual Studio TypeScript and C# developer building web-based, spatial information systems targeting a variety of platforms that leverage ESRI and SQL Server, I want a starter kit so that I can rapidly build implementations.', 'As a user, I want a walk through of creating a web app from the `aurelia-axel` starter kit, based of a familiar database (Northwind).', 'Aurelia and Bootstrap powered datagrid control', 'Aurelia Demo using TypeScript via gulp', 'A platform for building spatial Aurelia web apps using TypeScript and the ESRI JavaScript API', 'a repo to illustrate an issue with loading', 'alternative typescript porting strategy with simplifying assumptions - goal is to port all libs', 'A starter kit for working with the Aurelia TypeScript type definitions', 'atom ide flavored aurelia typescript samples', 'gulp build flavored aurelia typescript samples (use any editor including notepad++)', 'The Aurelia skeleton-navigation project, ported to TypeScript', 'sublime ide flavored aurelia typescript samples', 'vs2013 ide flavored aurelia typescript samples', 'vs2015 ide flavored aurelia typescript samples', 'webstorm ide flavored aurelia typescript samples', 'spike project to test out starting from scratch, karma testing on windows, and TypeScript VS IE breakpoints', 'A port of yolodev/babel-dts-generator (v0.2.x branch) to babel 6', 'A modern databinding library for JavaScript and HTML.']"
,Expert,"['Python', 'Shell', 'C', 'C++', 'MATLAB']","['nifty', 'amass', 'acsm', 'Compilers', 'AUV_UART_AVR', 'ajdawson.github.io', 'cluster_utils', 'matsyaSTL', 'cmr', 'Chinese']","['Official implementation of ""Articulation Aware Canonical Surface Mapping""', 'CS 386 lab, 2013 ', 'Personal Github Pages', 'Data preparation and loader for AMASS', 'CS 152 project', 'cluster scripts for slurm', 'Project repo for Learning Category-Specific Mesh Reconstruction from Image Collections', ""COUCH: Towards Controllable Human-Chair Interactions, ECCV'22"", 'CS296', 'Code release for ""Canonical Surface Mapping via Geometric Cycle Consistency""', 'The Web framework for perfectionists with deadlines.', 'Storehouse of all dotfiles!', 'A deep learning library for streamlining research and development using the Torch7 distribution.', 'Code release for ""Factoring Shape, Pose, and Layout from the 2D Image of a 3D Scene""', 'Summer 2012 project on Contouring ', 'NbodySimulation', 'Neural Interaction Fields for Trajectory sYnthesis', 'Personal website']"
"QA Automation Engineer

",Expert,"['Ruby', 'HTML', 'CSS', 'JavaScript']","['associations', 'Record', 'save', '301', 'artist', 'todo', 'href', 'song', 'web', 'tvland']","['Fork this template for the 301 Days journal - to keep yourself accountable.', 'JavaScript and Rails Project for Flatiron School ', 'Sample code for the ASP.NET Core 3 and Angular 9 programming book', 'JavaScript and Rails Project for Flatiron School ', 'Rails/JS project for Flatiron School ', 'JavaScript and Rails Project for Flatiron School', 'Sinatra Portfolio Project', 'Sinatra Portfolio Project ']"
"Tech entrepreneur, 4x Microsoft MVP, @MemphisAzure, Passive income, Crypto advocate, Trained composer, Challenging the status quo üá∫üá∏üá∫üá∏",Expert,"['Python', 'HTML', 'CSS', 'JavaScript', 'Objective-C']","['DevSpace16Xamarin', 'cpl21_woaphd', 'mccdemos', 'devlink2013python', 'flask_wiify', 'beginners', 'tfjs', 'DevSpace16DataScience', 'gscc2023', 'for']","[""Demo application for my SkillShare course: 'Flask: What's in it For You'"", ""Demo project for the Pluralsight Guide 'Testing ASP.NET Core Apps - The Cross-Platform Developer Experience'"", ""Slides and sample code from my presentation 'Be Charmed by the Google Cloud Platform with Python'"", 'Slides and (eventually) code from my presentation at DevSpace 2016', '12 Lessons, Get Started Building with Generative AI  üîó https://microsoft.github.io/generative-ai-for-beginners/', 'Slides and demos from my presentation Data Science for Python Folks Without (or With!) a Ph.D. at Granite State Code Camp 2023', 'Samples for my Music City Code 2017 Workshop - Python with Data Science and Friends', ""Slides and Demo Code from 'A Lap Around Xamarin' at Music City Code 2017"", 'A list of links (regularly updated) of user groups related to the Memphis Azure User Group.', 'From the July 2018 Memphis .NET User Group', 'A summary of what was discussed at the March MEMpy meeting', 'Code sample and slides from my Mempy December 2011 presentation on Google App Engine']"
,Expert,"['Shell', 'Clojure', 'Nix', 'Dockerfile', 'Makefile']","['clara', 'ehhack', 'infix', 'ehgml', 'clojerbil', 'clj2nix', 'add', 'ehk', 'dactyl', 'gambit']","['Apple Coder utility', 'An alternate build system for Android', 'An open-source graph database', 'Chez Scheme ', 'Hygienic Literate Programming for Chez Scheme', 'Infix operators for common lisp', 'Forward-chaining rules in Clojure(Script)', 'Clara Web Site source', 'A linter for Clojure code that sparks joy.', 'Convert deps.edn to a nix expression', 'Clojure to JS compiler', 'An Objective-C library package manager.', 'The new home of the CUE language! Validate and define text-based and dynamic configuration', 'Dactyl-ManuForm, a parameterized ergonomic keyboard translated into Python including a cadquery / Open CASCADE implementation.', 'Fast and pretty Clojure test runner', 'ICFP 2000 ray tracer', 'Vim plugin for writing hacks in various languages super quick', 'What @eraserhd knows', 'Read-only mirror of file CVS repository, updated every half hour. NOTE: do not make pull requests here, nor comment any commits, submit them usual way to bug tracker or to the mailing list. Maintainer(s) are not tracking  this git mirror.', 'Solver for the mobile ""Flow"" game', 'FZF  for Kakoune. Mirror of https://gitlab.com/andreyorst/fzf.kak', ':mag: A better fuzzy finder', 'Gambit is an efficient implementation of the Scheme programming language.', 'Binding to the libgd library from Haskell.']"
Principal Infrastructure Engineer - @Autodesk Construction Cloud / @plangrid; ex-@digitalocean,Expert,"['Shell', 'Python', 'HTML', 'Go', 'JavaScript']","['pagerduty', 'helm', 'toolbox', 'DO', 'atlantis', 'elasticsearch_exporter', 'argo', 'MultiMC5', 'awspec', 'api']","['Declarative continuous deployment for Kubernetes.', 'Terraform Pull Request Automation', 'RSpec tests for your AWS resources.', 'DigitalOcean Toolbox', 'An API wrapper for Discord written in Python.', ""DO-AutoVPN is an automatic VPN instance creation tool utilizing Digital Ocean's services."", 'Prometheus exporter plugin for ElasticSearch', 'Elasticsearch stats exporter for Prometheus', 'Backend for Discord for Errbot ', 'Errbot is a chatbot, a daemon that connects to your favorite chat service and bring your tools and some fun into the conversation.', 'Bootstrap a Flask project on Ubuntu Trusty, with Puppet, Vagrant and Fabric.', 'Helm Charts for CoreDNS', 'A library for interacting/scrapping Icinga 1 CGI endpoints', 'Mod site for KSP', 'LauncherCore - API Connection and Services', 'Machine management for a container-centric world', 'A custom launcher for Minecraft that allows you to easily manage multiple installations of Minecraft at once', 'IRC CloudBot plugin for accessing NEM data', 'A Plugin for Renol to utilize and assist the NotEnoughMods project', 'Ohai profiles your system and emits JSON', 'Kubernetes Operator for OpenTelemetry Collector', 'The Sponge package repository', ""A python client for PagerDuty's API, v2.0+"", 'Homework Problem for DevOps/SRE position']"
,Expert,"['Go', 'Shell', 'Makefile', 'Dockerfile', 'Python']","['acme', 'advisories', '1', 'samples', 'cli', 'fn', 'bindings', 'Manager', 'community', 'buildpackstuff']","['Repository for sharing org-wide Github metadata and workflow templates.', 'Repository for sharing org-wide Github metadata and workflow templates.', 'A collection of reusable Github Actions workflows.', 'Generic webhook controller / proxy for ease of integration with Styra in particular.', 'Security advisory data for Wolfi', 'Library for writing a Kubernetes-style API server.', 'Build OCI images from APK packages directly without Dockerfile', 'Curated applications for Kubernetes using Deployment Manager templates', 'This just contains various versions of attestations for testing things with different versions of cosign.', 'An experimental open-source attempt to make GPT-4 fully autonomous.', 'A collection of Knative-style Bindings and helper libraries for talking to various services.', 'http detection stuff, same as buildpackstuff but deals with http signatures', 'Bullet Journal on the command line.', 'Knative API definition for caching abstractions.', 'Auditing for TLS certificates (Go code)', 'Supply Chain Security in Tekton Pipelines', 'A CLI for interacting with Tekton!', 'Knative developer experience, docs, reference Knative CLI implementation ', 'Go client for Kubernetes.', 'Playground for authoring CloudEvents functions in golang', 'Proof of concept Event Source for Google Cloud Scheduler for Knative', 'Cloud SQL proxy client and Go library', 'Simple controller that makes running things simpler in some cases', 'Kubernetes community content', 'Knative governance and community material. ', 'Community documentation for the Tekton project']"
"Microsoft MVP, 
Senior Technical Architect, 
Author of PCF Builder",Expert,"['JavaScript', 'C#', 'CSS', 'TypeScript', 'HTML']","['monaco', 'dts', 'samples', 'awesome', 'botframework', 'View', 'dom', 'Identity', 'web', 'PowerPlatform']","['This repository is mainly used for the R&D of the Azure AI, .NET & Power Platform', 'ApplicationInsightsManager plugin for XrmToolBox and Microsoft Dynamics 365 / CRM', 'A collection of awesome things regarding the Power Platform ecosystem.', 'Official documentation for the Azure Bot Service', 'Welcome to the Bot Framework Skills repository which is the home for a re-usable Skills help build advanced conversational experiences using Azure Bot Service and Bot Framework. Microsoft Bot Framework is a comprehensive framework for building enterprise-grade conversational AI experiences.', 'VS Code extension for building web applications (""swings"") using a interactive and editor-integrated coding environment', 'A React-based project to create the base page for Dataverse DevTools VS Code extension', 'The all-in-one tool to develop code for Dataverse/Dynamics 365. Helps you connect to a Dataverse environment, generate TypeScript definitions for entities, create a different type of Dataverse-specific projects, and much more.', 'The repository for high quality TypeScript type definitions.', 'A demo control for all D365 Saturday Event.', 'An XrmToolBox tool to generate all the dependencies at one shot', 'Plugins for the XrmToolBox', 'Dataverse REST Builder', 'A DOM library for generating TypeScript declaration (.d.ts) files', 'public repo for dynamics365 customer-engagement docs', 'FetchXML Builder for XrmToolBox and Microsoft Dynamics 365 / CRM', 'Yeoman generator to kickstart your Power Apps Component Framework project.', 'Zoom Video SDK Web Sample App', 'Collection of all the mentoring sessions will be available here.', 'Samples for using the Monaco Editor', 'Build your Power Apps Component Framework custom controls faster. No need to remember the PCF CLI commands. All commands provided in one selection list for you to execute. https://marketplace.visualstudio.com/items?itemName=danish-naglekar.pcf-builder', 'Repos of Powerapps Component Framework (PCF) Controls', 'XrmToolBox Plugin for building and deploying custom control using PCF', 'Microsoft Dynamics CRM / 365 plugin base class', 'Repository that provides content for each video session with code, detailed instructions, etc.', 'Technical Documentation for Microsoft PowerApps', 'Demo repository to show how to use Managed Identity on Azure Functions to connect to Power Apps Web API.', 'The ultimate collection of extensions for Power Platform!']"
"Phaser Editor 2D official account.

IDE for HTML5 2D game development.",Expert,"['JavaScript', 'HTML', 'TypeScript', 'Go', 'CSS']","['webpack', 'hello', 'copy', 'golang', 'cuban', 'PhaserEditor2D', 'google', 'post', 'launcher', 'individual']","['Source code of the Animations Editor vide demo.', 'Each Blender interface icon in a separate file', 'A Go-based server utils for the Colibri platform.', 'A utility for packing Colibri resources and products.', 'golang copy directory recursively', 'Awesome list about tech sites/services restricted for Cuba', ""Implements support for double star (**) matches in golang's path.Match and filepath.Glob."", 'Free texture packer core', 'Go middleware to gzip HTTP responses', 'A help center for Phaser 3.', 'Demo project to show how to create buttons with Phaser Editor 2D user components.', 'Phaser is a fun, free and fast 2D game framework for making HTML5 games for desktop and mobile web browsers, supporting Canvas and WebGL rendering.', 'A script for hashing the Phaser Asset Pack files', 'A great new way to search the Phaser documentation', 'Fast and powerful tool for Phaser v3 documentation & examples navigation.', 'Only the public assets from the Phaser Examples. Made for tools.', 'Phaser 3 Warp Post FX Pack', 'A friendly IDE to develop HTML5 games based on the Phaser framework.', 'Profile readme', 'Phaser Editor 2D launcher for NPM based projects.', 'Marketplace for the Phaser Editor 2D & Phaser community. With projects templates, examples, and more.', 'NinePatch plugin for Phaser Editor 2D', 'Phaser Editor 2D plugin for supporting Rive.app animations.', 'A Phaser Editor 2D plugin with support for the RoundedRectangle game object.', 'A Phaser Editor 2D plugin with support for a rounded rectangle graphics object.', 'Audio scripts for Phaser Editor 2D.']"
I like cheese.,Expert,"['JavaScript', 'Shell', 'Makefile', 'HTML', 'Python']","['node', 'cli', 'nws', 'jokes', 'awesome', 'sunsetwx', 'sqlite', 'datasette', 'beardicus', 'golang']","['A curated list of code and resources for computer-controlled drawing machines and other visual art robots.', 'A Makefile to extract figures from _Beekeeping_ by Everett Franklin Phillips, Ph.D.', 'metalsmith source for boucheron.org', 'A CLI for peer-to-peer file sharing using the Hypercore Protocol.', 'A library for accessing Line-us drawing robots via Node.js and the browser.', ""A Node.js wrapper for SunsetWx's Sunburst API, which provides sunset and sunrise quality forecasts."", ""The OpenAPI v3 specification for DigitalOcean's public API."", 'HTML to PDF rendering Microservice based on Puppeteer/ Chrome. Self-hosted service for rendering PDFs', 'Some noodley bits for plotting with chiplotle', 'Doodles to fiddle around with my Roland DPX-3300 plotter', 'A PHP helloworld sample function for Cloud Functions', ""Scraping weather alerts from the US National Weather Service's XML feed"", 'Load shapefiles into a SQLite (optionally SpatiaLite) database', 'Web page PDF/PNG rendering done right. Self-hosted service for rendering receipts, invoices, or any content.', 'A Datasette instance exposing names, FIPS codes and polygons of US counties', 'Eyebleed-worthy node code to slurp up some tweets. Sorry.']"
Engineer,Expert,"['Shell', 'Python', 'C', 'CSS', 'C++']","['', 'Folder', 'great_expectations', 'node', 'atom', 'Structure', 'install', 'drivers', '10.9', 'web']","['Collection of 8188 eu drivers for Raspberry pi - (3.6.11+ to 4.1.xx kernel)', 'AFINN sentiment analysis in Python', 'The hackable text editor :atom:', ""Homepage for the National Football League's Big Data Bowl"", 'The official git repository for Contiki, the open source OS for the Internet of Things', 'CyberBullying project at UIowa', ""Electricity monitoring library - install in Arduino IDE's libraries folder then restart the IDE"", 'Folder / directory structure options and naming conventions for software projects', 'QT-based gcode user interface for grbl on arduino', 'Always know what to expect from your data.', 'A small python tool for creating positive text file for OpenCV haar training.', 'Instructions for building an almost consumer hardware based prototype of a hearing aid', 'Up to date hostapd with RTL8188 drivers', 'shell scripts to install different version of OpenCV in different distributions of Linux', 'Multi-engine SMT-based automatic model checker for safety properties of Lustre programs', 'A Modbus library for Linux, Mac OS X, FreeBSD, QNX and Windows', 'Linux kernel source tree', 'MansOS WSN/embedded operating system', 'This code is developed for the NesC users who can generate direct NesC code using this application.', 'Automatically exported from code.google.com/p/netmap', 'A visual tool for wiring the Internet of Things', 'Patch for The Network Simulator (ns-2) all-in-one package v2.35 installer, for Mac OS 10.9.', 'A bash script for installing ns2 on Mac OS X 10.9+', 'Open Source Computer Vision Library', 'A framework to allow Embedded Devices Remote Access', 'OpenRefine is a free, open source power tool for working with messy data and improving it', 'The Physical Web: walk up and use anything', 'A shell script to install PtokaX on a debian based computer']"
Follower of Christ and senior software engineer @Federato.  Formerly @Widen.,Expert,"['JavaScript', 'TypeScript', 'Shell', 'Lua', 'Go']","['chatter', 'annotate', 'bandit.nvim', 'nvim', 'bm', 'bookmark', 'browserslist', 'bufferline.nvim', 'efmls', 'reminder']","['A light-weight lint workflow to unite the worlds of GitHub and Jira', 'Ask me anything!', ""The fugitive's sidekick"", 'Bible reading plan generator', 'A simple Android/iOS app that recognizes bible verses in text.', 'Command line tool for interacting with Buildkite pipelines, builds, and more.', 'Open bookmarks from the Arc browser in your terminal.', 'Quickly update your saved bookmark URL with the current page URL.', 'Supported browsers in my projects.', 'A snazzy bufferline for Neovim', 'CLI tool to create bytes (mini posts) for my website.', 'The source repository for my website\'s ""bytes"" (mini posts).', 'Github action to remind users their pull request is missing a changelog.', 'ü¶ã       A way to manage your versioning and changelogs with a focus on monorepos', 'ChatGPT desktop app', 'Automatically close Notion share link tabs after the desktop app opens.', 'clsx + tailwind-merge', 'Multiplayer live cursors', 'My personal settings and dotfiles.', 'Dead simple dotfile management with the full power of bash.', 'My personal dprint config.', 'DraftJS: import/export ContentState to and from HTML/Markdown', 'Auto formatter for device tree files.', 'An unofficial collection of linters and formatters configured for efm-langserver for neovim.', 'Emmet support based on LSP.', 'A GitHub action that takes ESLint results from a JSON file and adds them as annotated pull request comments', 'Simple and sensible ESLint config.', 'Auto-fixable sort rules for ESLint.', 'CLI to manage your Apple calendar events', 'Everything you need to extend Raycast.']"
Independent Node.js consultant and educator,Expert,"['JavaScript', 'Shell', 'TypeScript', 'CSS', 'Vue']","['node', 'project', 'cli', 'mongoose', 'generated', 'lychee', 'json', 'validator', 'css', 'create']","['Command line tool for starting new Node.js projects', 'Creating flexible validation rules in Node.js', 'Style your readme using CSS with this simple trick', 'Knex Documentation Builder', ""Projects from courses I've done on egghead"", 'Example of a repository with a Node.js back end and React front end', 'Example Node.js API proxy server built with @fastify/fastify-http-proxy', ""Issues for the 'Express API Validation Essentials' book"", 'Express middleware for validating requests against JSON schema', 'Express resourceful routing for Mongoose models', 'Example applications demonstrating a migration from Express to Fastify.', 'Fast and low overhead web framework, for Node.js', 'Code examples using the Fastify framework.', 'Express compatibility layer for Fastify', 'UI for fastify-overview', 'Cancels HTTP requests with the Abort API. Bring your own Fetch API implementation.', 'A fluent API to generate JSON schemas', 'Improve your Node.js applications with schema generated types', 'Need help with Fastify? File an Issue here.', 'How to create a pull request with the GitHub CLI', 'A query builder for PostgreSQL, MySQL, CockroachDB, SQL Server, SQLite3 and Oracle, designed to be flexible, portable, and fun to use.', ""Code for my 'Learning Fastify' video series"", ""The test application I'm building in my 'Learning Fastify' video series üëâ https://www.youtube.com/playlist?list=PL1ZO2pWzCLRAtAf-JQWRn--CC4sTa1FRS"", 'Lychee Dockerfile', 'Node.js JavaScript runtime :sparkles::turtle::rocket::sparkles:', 'Command line tool for searching through commits in Node.js releases', 'A light-weight module that brings the Fetch API to Node.js', 'Command-line tool for running Node.js project tasks.']"
,Expert,"['Shell', 'Makefile', 'HTML', 'Python', 'TeX']","['concat', 'ARMRef', 'bnfc', 'citrus', 'const', 'dfraw', 'acle', 'binwalk', 'dhall', 'abella']","['An interactive theorem prover based on lambda-tree syntax', 'Arm C Language Extensions (ACLE)', 'Experimental actor implementation', 'Agda is a dependently typed programming language / interactive theorem prover.', 'AISmessages is a Java-based light-weight, zero-dependency, and ultra-efficient message decoder for maritime navigation and safety messages compliant with ITU 1371 (NMEA armoured AIS messages). A live demo of AISmessages is available on http://ais.tbsalling.dk.', 'Apple AMX Instruction Set', 'An implementation of type theory, focused on computation and extensibility', 'The Arm ASTC Encoder, a compressor for the Adaptive Scalable Texture Compression data format.', 'Firmware Analysis Tool', 'BNF Converter', 'A textbook on informal homotopy type theory', 'üç∫ The missing package manager for macOS (or Linux)', 'Counting occurrences of a given byte in a slice of memory ‚Äì fast', 'Calculate the measures of simplices through the Cayley-Menger determinant.', 'Generalized stream processors', 'Rust Language Cheat Sheet - https://cheats.rs', 'A Java Serialisation Library that supports multiple formats', 'Java-based Web Framework for Alibaba Group', 'Maintainance fork', ""Allocation-free data structures that make do with the memory they're given"", 'Collect an iterator into a slice.', 'Equality Saturation for Concurrent Systems (code and report)', 'An easy-to-use, 2D GUI library written entirely in Rust.', 'Heinous hackery to concatenate constant strings.', 'Cross-platform Rust rewrite of the GNU coreutils', 'ARM Assembly Reference Manual for https://kapeli.com/dash', 'Script to make Dash docset of Coq', 'Dash repo of user contributed docsets', 'An Emacs major mode for editing Dwarf Fortress ‚Äúraw‚Äù files', 'Maintainable configuration files']"
,Expert,"['Lua', 'Batchfile', 'C', 'C++', 'HTML']","['autotrim', 'oh', 'powerline', 'experimental', 'intercomplete', 'repro_enable_mouse_input', 'brackets', 'readline_win32_sample', 'readline_mods', 'vscode']","['Process ANSI escape sequences for Windows console programs.', 'Visual studio code extension to preview the opening line of code matching the inspected closing bracket', ""Bash's powerful command line editing in cmd.exe"", 'Completion files to clink util', 'Flex prompt for Clink', 'Fzf integration for Clink', 'A library of Lua scripts for use with Clink https://github.com/chrisant996/clink.', 'Lovely console emulator package for Windows', 'Custom prompt for Cmder on Windows', 'Customizable Windows terminal with tabs, splits, quake-style, hotkeys and more', 'Standalone exe to reproduce ConEmu issue 2404', 'DebugView++, collects, views, filters your application logs, and highlights information that is important to you!', 'Disk space usage visualizer', 'For experimenting with github pages', ':cherry_blossom: A command-line fuzzy finder', 'Interactive line completion for VS Code', 'local-history for vscode', 'Visual Studio C++ debugger extensions for Lua', 'A prompt theme engine for any shell.', 'Share Readline changes made in the context of Clink', 'Demonstrate how to use Readline in a Windows console program', 'A Visual Studio Code extension that allows one to easily play with regular expressions', 'Repro Terminal 1.18 issue with ENABLE_MOUSE_INPUT.', 'Underlined matching brackets for VSCode', 'Sudo tool for Windows (Super User Do)', ""A simple extension for automatically trimming whitespace from lines after they've been edited"", 'Read-Only Indicator Extension for Visual Studio Code', 'A VS Code extension that allows you to highlight trailing spaces and delete them in a flash!', 'Example application shows how to use undocumented dark mode API introduced in Windows 10 1809.']"
"Research Scientist at Microsoft (Translator), playing around with open source. ",Expert,"['C++', 'Shell', 'Python', 'Perl', 'Makefile']","['samples', 'openebs', 'bleu', 'notebook', 'mosesdecoder_nmt', 'nematus', 'ipython', 'lucenept', 'iwslt2016_system_description', 'DeepLearningBook']","['Word alignment editor, uses GTK+, GooCanvas and sqlite3', 'Caffe: a fast framework for deep learning. For the most recent version checkout the dev branch. For the latest stable release checkout the master branch.', 'Contrastive evaluation of pronoun translation in neural machine translation', 'Samples for CUDA Developers which demonstrates features in CUDA Toolkit', 'MIT Deep Learning Book in PDF format', 'Webpage', 'C++ SRX sentence segmenter', 'Facebook AI Research Sequence-to-Sequence Toolkit written in Python.', 'Low-precision matrix multiplication', 'Official repository for IPython itself. Other repos in the IPython organization contain things like the website, documentation builds, etc.', 'A lazy decoder for syntax', 'Lucene Phrase Table', 'Fast Neural Machine Translation in C++ - development repository', 'Moses, the machine translation system', 'Non-Metric Space Library (NMSLIB): An efficient similarity search library and a toolkit for evaluation of k-NN methods for generic non-metric spaces.', 'Jupyter Interactive Notebook', 'OpenEBS is containerized block storage written in Go for cloud native and other environments w/ per container (or pod) QoS SLAs, tiering and replica policies across AZs and environments, and predictable and scalable performance.  ']"
"23, MS CS at University of California, San Diego",Expert,"['Jupyter Notebook', 'Python', 'Objective-C', 'C++', 'Java']","['DeepRacerThesis', 'Library', 'Lab', 'ChessConfigurationDetection', 'Contests', 'ML', 'for', 'final', 'Artificial', 'Compiler']","['Software to manage airlines flights and ticketing  ', 'This repository contains the source code for online airline mangement system done as a part of VI semester coursework associated with Mini Project', 'Programs for Design And Analysis of Algorithms SEM - IV', 'Source code for Apps Developed for Android & iOS using Flutter SDK', 'AI Lab semester 5', ':book: For those who wanna learn Bash', 'This repository contains the source code for my submission for Chess Configuration Detection on Ai crowd', 'Work done in clickbait classification in various languages using transformer models', 'Repository containing the certificates of completed online courses', 'Programs for Data Structures Lab SEM - III', 'Programs for DataBase Mangament Systems Laboratory SEM - IV', 'Program that emulates end to end encryption by using dynamic running key cipher', 'Two stage model to predict if a flight is delayed and if so, the amount of delay in minutes. Trained using data from 18,00,000 flights of which ~ 30% were delayed', 'Final project for version control system using GIT course on coursera', 'Contains the work done as a part of VII semester Graphics and Multimedia Lab using Open GL', 'Command Line program to manage a hotel, capable of handling reservations using priority queues', 'Repository containing my submissions in Kaggle contests', 'Library for Competitive Programming', 'Basic Linux system administration tools', 'All resources and code used in the machine learning sessions.', 'README for profile', 'This repository contains source code for my portfolio webpage', 'Assembly Language programs written for 8086 microprocessor', 'ML Assignments', 'This repository contains code for the paper ""Sign Language Translation using Multi Context Transformer"", presented at the 20th Mexican International Conference on Artificial Intelligence (2021), Mexico City, Mexico.', 'Network Programming in C', 'Programs for Object Oriented Programming using Java Lab SEM - III']"
,Expert,"['Racket', 'Shell', 'Makefile', 'CSS', 'Scheme']","['macros', 'artifacts', 'parser', 'blog', 'bacros', 'fun', 'hai', 'tools', 'compare', 'gui']","['Racket code for ASN.1', 'Racket compiled-load handle for avoiding ""link: module mismatch"" errors', 'A database interface for functional programmers', 'DrRacket, IDE for Racket', 'Frog is a static web site generator implemented in Racket, targeting Bootstrap and able to use Pygments.', 'Probabilistic Programming', 'Jupyter kernel for Racket', 'Macros and Languages in Racket', 'Password Generation using Markov models, Huffman trees, and Charles Dickens', 'Additional libraries for racket/gui, particular editors and snips', 'progressive picts', 'Little interpreters and tool prototypes for probabilistic languages', 'The Racket repository']"
"Robotics Researcher, Engineer and Hobbyist",Expert,"['C++', 'Python', 'Makefile', 'CMake', 'Shell']","['aero', 'jsk', 'BayerFilter', 'awesome', 'app_manager', 'pkg', 'arm_navigation_msgs', 'common', 'paper', 'aws']","['Latex template for AAMAS Conference', 'AERO (SEEDNOID) ROS Package', 'Simple and lightweight XML parser for iOS and OSX written in Swift', 'Alchemy is a software package providing a series of algorithms for statistical relational learning and probabilistic logic inference, based on the Markov logic representation', 'app_manager dependency for the pr2, required for pr2_app_manager', 'This was a deprecated package from the arm_navigation stack, but is needed to compile some things in pr2_navigation and so it has been brought forward for the Hydro push.', 'Common code for working with audio in ROS', 'awesome topics for jsk', 'ROS packages for facilitating the use of AWS cloud services.', 'Build boost framework for iOS and OSX with Xcode 5 (armv7, armv7s, arm64, i386, x86_64)', 'ROS package for Bluetechnix BTA-based time-of-flight cameras', 'Bit Trade One IR Remocon tool for Linux', 'Build librealsense 2.0 library on the NVIDIA Jetson AGX Xavier Developer Kit. Intel RealSense D400 series cameras.', 'Build and install OpenCV for the NVIDIA Jetson AGX Xavier', 'A tool to inspect ROS package configuration', 'A CMake-based build system that is used to build all packages in ROS.', 'Integrates gRPC into Catkin/ROS ecosystem.', 'Examples for grpc ROS package.', 'Command line tools for working with catkin', 'Bundle python requirements in a catkin package via virtualenv']"
Low code backend to build modern apps,Expert,"['Java', 'JavaScript', 'HTML', 'TypeScript', 'CSS']","['entity', 'cli', 'webinars', 'barber', 'Swift', 'lessons', 'mongodb', 'rest', 'gtac', 'community']","['Ant Framework - Serverless microservices made easy', 'Back4App Barber Shop App Lessons', 'This is a repository of back4app demonstration apps', 'Repository for demo to the GTAC team in January 25th 2016', ""back{4}app implementations for the platform's entity layer"", 'An empty project in Swift that implements Parse and connects to Back4ap.com', 'Parse Community Blog [WIP]', 'The most popular HTML, CSS, and JavaScript framework for developing responsive, mobile first projects on the web.', 'A space for the webcomponents community']"
,Expert,"['Java', 'Groovy', 'Shell', 'HTML', 'Python']","['Configs', 'JavaCurseAPI', 'dvs1web', 'Natura', 'ironshulkerboxes', 'Morph', 'homelab', 'and', 'HungerOverhaul', 'Master']","[""Biomes O' Plenty mod "", 'A Minecraft mod about chiseling and designing custom blocks in game.', 'Compact Solar Arrays for Minecraft and IndustrialCraft 2', 'AREDN Documentation Repository', 'DVS1 home page code', 'code for my ECE-203 course at school-- here for synching purposes--DO NOT CHEAT!!!!', 'An API for dynamically handling different functional parts in the one block space.', 'bot for #ftb', 'CurseApp moderation bot for FTB', 'homelab configs', 'iChunUtil as required by several of my mods.', 'A simple installer for creating Launcher profiles', 'Java based IRCLib used for ForgeIRC', 'Iron Chest minecraft mod  by CPW', 'Iron Shulker Boxes formerly from Iron Chests', ""Java implementation of the CurseApp API's"", 'Java based api for curseforge', 'Serves Javadocs out of Maven repositories', 'TCon build server IRC bot', 'A simple mod proving some useful functions for map-based mod packs', 'Public shared library for Forge mods', 'FTB Master Configs', 'An integration testing framework for Minecraft', 'Modifications to the Minecraft base files to assist in compatibility between mods.', 'My entry for ModJam #2. ', 'Heyo, redwood trees! Chop them all day long~']"
"C++ Programmer, Game Developer, Computer Scientist.",Expert,"['C++', 'C', 'CMake', 'Makefile', 'Shell']","['glsl_shaders', 'caveman_chatbot', 'Count_Delim_Seperated_Values', 'D34DL1N3', 'ENet', 'dmpower2', 'gitignore', 'eBayFeeCalculator', 'College_Major_Advisor', 'mattearly.github.io']","['Example cmake setup of a SDL2 RPG style 2D game.', 'A library for game development. Handles 3D Graphics, Skyboxes, Sound, Lights, Skeletal Animations, Core Game Loop and more!', 'An Open Source 3D game engine.', 'A dino and weapon damage calculator tool for ARK: Survival Evolved built on Qt. No longer maintained, left up for reference.', 'The official Open-Asset-Importer-Library Repository. Loads 40+ 3D-file-formats into one unified and clean data structure. ', 'windows server', 'This is, in my opinion, the best starting makefile for a cpp project.', 'Test CLI program to calculating PI sequentially or with parallel processing', 'Asteroids Game Example. Testing my AncientArcher Library to implement it.', 'Advises user on what they should go to college for. Just some old test program for a class.', 'c++ program for parsing counts from files', 'Improved, yet not overpowered, sky beacon loot drops for ARK: Survival Evolved. No longer maintained, left up for reference.', 'task priority management from the command line', 'Interactive terminal D&D helper toolbox program for Dungeon Masters, players, and worldbuilders.', 'Command Line D&D5e helper tool intended for Dungeon Masters.', '5th Edition Spells - curated into a json format. also a big list of special woods and metals', 'Basic program to calculate how much you are making for an eBay sale.', 'hello world of testing out enet client-server locally', 'Random English name generator', 'A collection of useful .gitignore templates', 'OpenGL Mathematics (GLM)', 'A 3D component-based game engine ', 'A base timing loop for C++ games and apps.', 'An example command line program to create and manage any number of email lists.', 'Autohotkey script to mute the current application']"
Senior Director of Engineering & Infrastructure @stellarwp,Expert,"['PHP', 'JavaScript', 'Shell', 'CSS', 'Lua']","['old', 'borkhold', 'wordpress', 'atom', 'manager', 'cssbeautify', 'extension', 'bork', 'updater', 'launcher']","['Check if a file or directory exists in an S3 bucket', 'Advanced Post Manager', 'asdf', 'My BitBar scripts', 'A MediaWiki skin using Bootstrap 4 & FontAwesome 4', 'A collection of my Minecraft (Tekkit) ComputerCraft scripts', 'A simple WP theme to replace my GoogleIG page.', 'My Bork syntax theme for Atom.io', 'These are Minecraft ComputerCraft scripts specific to the layout of Borkhold', 'Some People Are Squirrel Handed', 'My own personal codesniffer ruleset for WordPress development', 'A collection of ComputerCraft scripts', 'Multiple bylines for WordPress', 'The Columnizer jQuery Plugin will automatically layout your content in newspaper column format. You can specify either column width or a static number of columns. And, of course, it‚Äôs easy to use!', 'Generates and reads the wp-config.php file.', 'Reindent and reformat CSS', 'An interactive parallel sets visualisation for D3.js.', 'Dark Jedi Brotherhood core WordPress plugin', 'Docker configuration files for my local development environment', 'A Dockerfile that installs the latest wordpress, nginx and php-fpm.', 'This is a playground for some Symfony Console stuff', 'My current dotfiles', 'Dotfiles using ansible', 'Some common scripts I use in my world', 'My ~/.js directory for dotjs!', 'BotMan Slack Driver', 'Manages plugins and themes, including installs, activations, and updates.', 'GigaOM Code Standards for PHP CodeSniffer', 'This WP plugin will update GitHub, Bitbucket, GitLab, and Gitea hosted plugins and themes']"
,Expert,"['Python', 'Shell', 'Dockerfile', 'Makefile', 'CSS']","['starter', 'project', 'metranome', 'bevis', 'pyproc', 'counterfeiter', 'daemon', 'myreads', 'haigha', 'bunnyq']","['A syslog listener/server that forwards messages to AMQP ', 'A command line interface for testing/playing with amqp servers (namely, RabbitMQ)', 'A tool for generating self-contained, type-safe test doubles in go', 'Helper class/decorator for adding HTTP Digest Authentication to Tornado Web Server apps. ', 'A django app to support whatever classification type (category, label, tag) you can dream up. ', 'A *prototype* for an AMQP processor development framework', 'AMQP libevent Python client', 'An operational management platform for medium to large environments', 'The API backend for Imbi', 'The OpenAPI spec for Imbi', 'DDL for the Imbi PostgreSQL Database', 'Browser-based Imbi front-end application', 'An easy-to-use daemonization library for Python applications', 'Experimenting w/ RMM Level 3 API design', 'A wrapper class for the Python standard logging module', 'A command line log parsing/reporting tool for Apache combined format logs. ', 'A Cron-like timer for AMQP', 'A minimal PyPI implementation using Tornado, meant for use behind a firewall. ', 'AMQP 0-9-1 client library for Python', 'The pugip.org web site', 'python elasticsearch client', 'A hastily-coded prototype for a stupid-simple system metrics gathering... thing.', ""Python module for getting system information stored in the '/proc' filesystem "", 'A Python module to communicate w/ the RabbitMQ HTTP Management API', 'Command line tool to print complete source code of requested methods/functions from modules or source files.', 'Starter Code for the React MyReads Project', 'Python clients for Riak.', 'Online reStructuredText editor', 'A redis client that supports sharding (subclasses redis-py objects)']"
,Expert,"['JavaScript', 'Makefile', 'HTML', 'Python', 'Go']","['starter', 'node', 'function', 'canvas_python_SDK', 'integration', 'alpine', 'bug', 'css', 'ssh', 'duo']","['if the same workflow is already running from a previous commit, wait for it to finish', 'Generate easy-to-read web pages for your Architecture Decision Records', 'Agent service for Optimizely Feature Experimentation and Optimizely Full Stack (legacy)', 'Akamai Edgeworker Starter Kit for Optimizely Feature Experimentation and Optimizely Full Stack (legacy)', 'Demo of Optimizely Full Stack with an Alexa Skill using AWS Lambda', 'The Optimizely analytics.js integration.', ""Monorepo housing Segment's analytics.js integrations"", ""Track a stylesheet's payload over time."", ""Demo apps showing Optimizely's Android SDK"", 'Android SDK for Optimizely Feature Experimentation and Optimizely Full Stack (legacy)', 'Ansible role for multiuser SSH 2FA using Duo', 'Google App Engine re-packaged for PyPI', 'Command line interface for Phabricator', 'AWS Lambda at Edge Starter Kit for Optimizely Feature Experimentation and Optimizely Full Stack (legacy)', 'Amazon Lambda to receive data from CloudWatch and post to Slack', 'Dynamically create Route 53 resource records using CloudWatch Events and Lambda', 'aws-vault like tool for Okta authentication', 'HTTP service for submitting metrics to Graphite', 'A Chef Cookbook manager', 'Date range picker component for Bootstrap', 'Performance Metrics for Web Browsers', 'Demonstrates an issue with BrowserstackLocal on alpine linux container', 'Demonstrates an issue with browserstack-local in Docker', 'NodeJS bindings for BrowserStack Local', ""LinkedIn's Kafka to HDFS pipeline."", 'Canvas Getting Started Guide (Python)', 'A project to help you get started with canvas using node.js and app engine', 'Python SDK for Canvas apps', 'Chef cookbook for the http://druid.io/']"
"Computational Materials Scientist, C++ Developer, (Java|Coffee|Type)Script Hacker, Retro Computing Nerd,... and also Dad!",Expert,"['CoffeeScript', 'C++', 'Makefile', 'Python', 'Shell']","['chimad', 'eigen_metaphysicl_test', 'atom', 'make', 'cpp', 'explode', 'CRM', 'AmosPy', 'phase', 'rtags']","['Replace MOOSE input file action syntax with the verbose objects constructed', 'Rescue files from broken ADF Amiga disk file images even if WinUAE cannot read the disks anymore.', 'Various tools for using AmigaOS programs on other platforms', 'A converter/unpacker for AMOS banks (the Amiga programming language)', 'Python code to try and detokenise Amos files.\nVery very alpha.', 'C++ multidimensional arrays in the spirit of the STL', 'An Atom package - A GDB debugger', 'Make runner for the Atom editor.', 'rtags for Atom', 'Atom.io autocomplete-plus provider for MOOSE (http://mooseframework.org) input files', 'Autocorrect plugin for atom.io', 'Simple anonymous ballot system in PHP', 'BlackBear is a MOOSE-based code for simulating degradation processes in concrete and other structural materials.', 'bounce HTTP requests around for load balancing or as an HTTP host router', 'Temperature and humidity logging for my chicken coop', 'The CHiMaD Phase Field Community Website', 'Continuous Integration, Verification, Enhancement, and Testing', 'C++ code input helper for the Atom editor', 'A MOOSE application dedicated to general Chemical ReAction NEtworks for plasma chemistry and thermochemistry problems.', 'ChurchWebCRM is a Fork of the ChurchInfo project, it uses ChurchInfo as  the starting point and adds new features and responsive UI.', 'Reverse engineering the data files and code of the german CRPG ""Die Dunkle Dimension"" on C64', 'A LaTeX template for proposals to the U.S. Department of Energy', 'My profile repository', ""Daniel Schwen's github.io page"", 'MediaWiki extension for safe embedding of locally-hosted scripts', 'Emulation hack for the Open Compute Language (OpenCL) to compile, debug, and run on legacy hardware']"
,Expert,"['Batchfile', 'Python', 'Makefile', 'Shell', 'HTML']","['fetchcode', 'aboutcode', 'container', 'bz2file', 'rest', 'toolkit', 'gemfileparser2', 'binaryornot', 'gh', 'deltacode']","[' AboutCode project: tools and data to uncover things about code: the provenance, origin, license, and more (packages, security, quality, etc.) of FOSS code', 'AboutCode CycloneDX Property Taxonomy', 'Example code used for AboutCode training', ':white_check_mark: AboutCode Toolkit provides a simple way to document provenance metadata (origin and license) about third-party code that you use in your project: it includes utilities to generate inventory/BOM or Attribution documentation.', '[Archived] This project was an Attribution generation tool with many content and format options for the input data. All its features have been folded back in the latest AboutCode Toolkit at https://github.com/nexB/aboutcode-toolkit', 'Ultra-lightweight pure Python package to check if a file is binary or text.', 'Implements boolean algebra in one module.', 'Python library for reading and writing bzip2-compressed files.', 'ClearCode is a simple tool to fetch and sync all ClearlyDefined data locally.', 'container-inspector is a suite of analysis utilities and command line tools for Docker container images, their layers and how these relate to each other. It can also handle OCI images and Dockerfiles.', 'Common weakness enumeration library for Python (maintained fork of https://github.com/Julian-Nash/cwe )', 'A python library to parse Debian deb822-style control and copyright files and all related Debian, Ubuntu and Debian-derivative manifest and metadata files, an alternative approach to python-debian.', 'Automate open source license compliance and ensure software supply chain integrity', ' [Work in progress] An API client and toolkit with libraries, utilities and helpers to work with the DejaCode API ', 'DeltaCode: compare two codebase scans (from ScanCode) to detect significant changes.', 'A general purpose, mostly universal software package dependency resolver.', ':love_letter: Add webhook subscriptions to your Django app.', 'A parser for Python dependency files', 'A library to inspect ELF binary files', 'A mostly universal file extraction library and CLI tool to extract almost any archive in a reasonably safe way on Linux, macOS and Windows.', 'A library to reliably fetch code via HTTP, FTP and version control systems. This project is sponsored by NLnet project https://nlnet.nl/project/vulnerabilitydatabase/ Google Summer of Code, nexB and others generous sponsors!', 'Make it easier to compare and cross-reference the names of companies and people by applying strong normalisation.', 'A library to parse Rubygem gemspec and Gemfile files and Cocoapods podspec and Podfile files  using Python. Friendly fork of https://gitlab.com/balasankarc/gemfileparser', 'A repo to test the GH REST API for creating issues', '[WIP] An inspector for Go language-based source, binaries, packages, dependencies and metadata', 'An archive of GSoC proposals recieved by aboutcode.']"
Asst. Prof. of Statistical Astronomy,Intermediate,"['Python', 'PHP', 'HTML', 'Shell', 'Makefile']","['sciences', 'aas2rss', 'eqxhubtest', 'spender', 'skylens', 'for', 'exp', 'scarlet', 'pygmmis', 'WLProfileFit']","['Turn the AAS job register into a RSS feed', 'üöÄ A simple way to train and use PyTorch models with multi-GPU, TPU, mixed-precision', 'Crowdsourced image quality control for the Dark Energy Survey', 'Simulate pixel noise for weak-lensing ellipticity measurements', 'Torch.hub-like clone for equinox models', 'simple ssh-based job distribution and resource utilization for computing nodes', 'Select-copy-middle-click-paste for MacOS <= Mojave', 'Material for the ""ML for the Sciences"" meeting at Princeton University', 'Gaussian mixtures implemented in python and C', 'PRObabilistic Value-Added Bright Galaxy Survey (PROVABGS)', 'Proximal optimization in pure python', 'Gaussian mixture model for incomplete (missing or truncated) and noisy data', 'hyperspectral galaxy modeling and deblending', 'Scarlet, all new and shiny', 'Astronomical image analysis and shape estimation framework', 'Shapelet basis function and image decomposition library', 'Stacked shear profiles and tests based upon them', 'SkyLens++ is a simulation package for optical astronomical observations.', 'Mapping astronomical survey data on the sky, handsomely', 'Spectrum encoder and decoder', 'Estimate the contamination of a sample from a limited set of tests', 'Material for the Princeton Undergraduate Summer Research Program in Astrophysics', 'Data and code for SDSS void lensing analysis']"
Twitter: @iamtommythorn,Expert,"['Verilog', 'Makefile', 'C', 'Python', 'Rust']","['formal_timer', '0toasic', 'A9', 'errata', 'inferred', 'spec', 'kbe', 'ecp5', 'bemicro_cva9_jtaguart', 'memory']","[""Stuff I did for Matt Venn's Zero-to-ASIC course"", 'Anti80 is design exercise in a more compiler friendly architecture in roughly the same implementation budget as the Z80', 'Quick hack to test html serving from github', 'A ""hello world"" style designs for the Cyclone V based $49 Arrow BeMicro CV', '3D printed case for the BeMicroCV-A9 FPGA development board', 'Small example design for BeMicro CV-A9 using JTAGUART and LEDs', 'Brainfuck interpreter in Rust', 'A template for building new projects/platforms using the BOOM core.', 'A Bounded SPSC queue for Rust', 'Fun with branch predictors', 'C in four functions', 'The adventures of a Haskell compiler', 'Bug-fixed version of the official specification of the Dirac wavelet based video codec', 'A quick little design to experiment with memory inference and timing impact', 'Proof of concept dynamic code generation', ""Partial implementation of Knuth's MMIX processor (FPGA softcore)"", 'DUEL -  A high level language for debugging C programs (by Michael Golan) ', 'Monorepo for all homekit related development, including integrated firmware, PCBs, and bridges', 'An extremely fast pixel framebuffer for Rust web assembly üß±', 'Nascom 2 emulator in the browser', 'humble hacker firmware', 'A better Linux & Windows keyboard layout for professional mac users']"
SWE for ML @ Google | MSc in Statistical Learning Theory/Data Science @ HSE/Skoltech        ,Intermediate,[],"['neural', 'Geodesics', 'Square', 'Text', 'Sparse', 'Generator', 'RL', 'Variational', 'DisRegGen', 'Tunnel']","['Personal website project', 'Pytorch implementation of Augmented Neural ODEs :sunflower:', 'Reference material for competitive programming self-training', 'Bayesian Methods for Machine Learing Course Project Skoltech 2018 ', 'Monte Carlo Tree Search Based AI Connect 4 Bot', 'Pytorch implementation of Discriminative Regularization for Generative Models', 'A basic Fast Marching Algorithm Implementation to compute Geodesic Paths.', 'ICLR Reproducibility Challenge 2019 ', 'A simple solver for Klotski puzzle', 'YSDA course in Natural Language Processing', 'An exploration of optimization techniques to reproduce images by the use of polygons.', 'A course in reinforcement learning in the wild', 'Basic implementation of RayTracer algorithm for learning purposes', 'A C# Simple Implementation of ', ""Implementation of Reinforcement Learning Algorithms. Python, OpenAI Gym, Tensorflow. Exercises and Solutions to accompany Sutton's Book and David Silver's course."", '1st Place Solution code for the Rimac Data Science Challenge (https://www.rimacchallenge.com/en/)', 'PyTorch4 tutorial of: actor critic / proximal policy optimization / acer / ddpg / twin dueling ddpg / soft actor critic / generative adversarial imitation learning / hindsight experience replay', ' Machine Learning Course Project Skoltech 2018', 'A python implemented comparison between Markov Chain and LSTM text generation models.', 'Reproducing the paper ""Variational Sparse Coding"" for the ICLR 2019 Reproducibility Challenge']"
"When you‚Äôre 95% done, you‚Äôre only halfway there.",Expert,"['Shell', 'Less', 'TypeScript', 'JavaScript', 'HTML']","['cli', 'selfhosted', 'awesome', 'atom', 'graphql', 'znc', 'chromeless', 'create', 'rest', 'light']","['dots', 'A CLI toolchain for simplifying serverless web and mobile development.', 'Use existing REST endpoints with GraphQL', 'The default dark ui theme for Atom', 'Atom Light UI theme', 'A proper webpage for AtomLinter.', 'Author Tracking App in React (https://github.com/kevinold/authorwatch-react) integrated with Rails for Nash.rb presented in May 2015', 'Author Tracking App in React for Nash.rb presented in May 2015', 'Automatically check into your Southwest flight 24 hours beforehand.', 'Simple. Open. Continuous Integration.', ':sunglasses: Curated list of awesome lists', 'Awesome collection of helpful bookmarklets', 'Awesome list of GraphQL & Relay', 'This is a list of Free Software network services and web applications which can be hosted locally. Selfhosting is the process of locally hosting and managing applications instead of renting from SaaS providers.', 'Bash function to run tasks in parallel and display pretty output as they complete. Forked to remove COMPACT DISPLAY.', 'The Calendar and Contacts Server.', 'All-in-one chatbot client', 'Unfancy JavaScript', 'ECMAScript 5/6/7 compatibility tables', 'Confidence.js: Make sense of your A/B test results', 'Create React apps with no build configuration.']"
Software Engineer,Expert,[],"['apple', '1', 'jokes', 'Bookstore', 'integration', 'CodeTyke', '15', 'Conways', 'collaboration', 'css']","['Starter files, final projects and FAQ for my Advanced CSS course', 'algos & data structures in ruby/js', 'The old school battleship game created with the TDD technique using Jest and vanilla JavaScript, ES6 modules, Webpack, Babel, HTML5 and CSS3.', 'An awesome README template to jumpstart your projects! ', 'An Bookstore app built with ReactJS and Redux implementing the CRUD actions and the functionality to store and filter books by category.', 'A responsive web app designed to record your voice and transcript it on the screen, then convert the text to the braille language! made with React and Sass', 'React calculator project', ':bathtub: Clean Code concepts adapted for JavaScript', 'Integration guide to list products on a webpage using React and Commerce.js SDK', 'A Hacktoberfest Challenge', 'PWA Currency Converter App made with HTML5, SASS, ES6 JS implementing ServiceWorkers, Cache use and IndexedDb as the 7DaysOfCode Challenge for ALC & Google Africa Scholarship ', 'dad jokes', 'Codes Collection of my learning of Data Structure & algorithm. ', 'A syntax-highlighting pager for git, diff, and grep output', 'A React and soon native app that converts handwritten or printed text on paper to computer text (digitizing it) giving you a faster and easier way to get things done. The app also might have the ability to tell in which language was a piece of text written after scanning it.', 'Everyday wear for the everyday woman boutique.', ""This is my capstone project at Microverse. It's a web app that let's you search the best doctors in your area and book appointments with them""]"
Product Manager @ Ngrok,Expert,[],"['starter', 'homebrew', '1', 'hydrator', 'plugins', 'cask', 'ivolo', 'crunchbase', 'add', 'describe.today']","['Automated phishing tool made by AnonyminHack5 to phish various sites with 30+ templates and also has an inbuilt ngrok already to easily help you generate your link and send it to your victim.  Anonphisher tool is made with pure bash script and needs required packages for it to work. ', 'A lambda function for writing data to InfluxDB in Python', 'üç∫ The missing package manager for macOS (or Linux)', 'The source files for the Buildkite documentation', 'Camera phishing tool. If anyone opens link generated by CamHacker and permits camera access his/her photo will be captured!', 'Cognitive Image Analysis for Java', 'InfluxDB Community Templates: Quicky collect & analyze time series data from a range of sources: Kubernetes, MySQL, Postgres, AWS, Nginx, Jenkins, and more.', 'Ruby API wrapper for Crunchbase API v2', 'A starter template for Deno modules', 'A web site to describe today.', 'A list of disposable email domains, cleaned and validated by scanning MX records.', 'a list of disposable and temporary email address domains', 'A list of disposable email domains', 'docker images for the ngrok agent', 'HTML docs for all elasticseach projects', 'Prometheus documentation: content and static site generator', 'Hack the World using Termux', 'Official Python low-level client for Elasticsearch.', 'An open-source platform for making universal native apps with React. Expo runs on Android, iOS, and the web.', 'The successor for flask-ngrok2 for making demo Flask apps from personal machine.', 'A Go client for the Flume Water API - https://flumetech.readme.io/reference', 'The open-source repo for docs.github.com', 'Ultimate camera streaming application with support RTSP, RTMP, HTTP-FLV, WebRTC, MSE, HLS, MP4, MJPEG, HomeKit, FFmpeg, etc.', 'This repo will serve as a place to gather feedback for the Google Sheets ""Send to Elasticsearch"" add-on.', 'Hack Android Pattern From Termux With This Tool', 'üçª A CLI workflow for the administration of macOS applications distributed as binaries', 'üçª Default formulae for the missing package manager for macOS', 'Cask Hydrator Plugins Repository']"
,Expert,[],"['Forecast', 'httpNode', 'Kaggle_Truly', 'GraphMaker', 'programming', 'managing', 'for', 'PUMSutils', 'scikit', 'promises']","['Decision trees and ensembles in python, accelerated with numba', 'The code samples for the Pluralsight Course JavaScript Promises and Async Programming', ""The code and images for the Kaggle kernel 'Fancy Houses'"", 'Course code for the Puralsight course Restful Web Services with Node and Express', 'A series of short projects I did to learn how to use HTML canvas', 'Mobile drawing app that also posts traces back to a server', 'Utility code for working with the US Census fixed-width microdata files.', 'Some keras and TF work on the cifar10 dataset', 'COVID-19 Agent-based Simulator (Covasim): a model for understanding novel coronavirus epidemiology', 'deep learning work using keras and Tensorflow', 'Extensive reworking of model stacking code from kazAnova/ensemble_amazon', 'Examples and work from Fluent Python by Ramalho', 'A single webpage that holds everything I need to know about Font Awesome', 'forecast package for R', 'The publicly modifiable website project from chapter 20 of Eloquent Javascript.', 'Web app for creating graphs and animating graph algorithms.', 'This repo holds the code for the 10th place entry in the 2014 WISE/Greek Media Multi-label Classification competition hosted on Kaggle.', 'Course code for HTTP on Node.js class on Pluralsight', 'This repo holds my entry in the ""Avito Context Ad Clicks"" competition on Kaggle ', 'This repo contains model code from the Expedia/ICDM 2013 competition hosted on Kaggle.', 'Code for entry in the Kaggle competition ""Truly Native?""', 'The library app from the Pluralsight course Building Web Apps with Node and Express', 'The code samples for the Pluralsight course Managing Files With NodeJS', 'Mobile first list-taking web app with photos on the list items', 'Code for working with the PUMS data from the American Community Survey (ACS)', 'Python wrappers (written using rpy2) for most of the functions in the R Forecast package and some related functions in stats.', 'scikit-learn: machine learning in Python', 'Scrapes Kaggle leaderboards and computes measures of the difference between the final results and the last public leaderboard standings.', 'An all-python package of decision trees and tree ensemble models.', 'The skill sharing website from the final project in Eloquent Javascript']"
